{"#E90303":"cross-mark_274c.png",
"#CF8823":"croissant_1f950.png",
"#597C56":"crocodile_1f40a.png",
"#715738":"cricket_1f997.png",
"#CB7E38":"cricket-bat-and-ball_1f3cf.png",
"#F6D14B":"crescent-moon_1f319.png",
"#B2AD8E":"credit-card_1f4b3.png",
"#CA4D26":"crab_1f980.png",
"#8F8885":"cow_1f404.png",
"#BEAFA2":"cow-face_1f42e.png",
"#D9965B":"couple-with-heart_1f491.png",
"#D78E54":"couple-with-heart-woman-woman_1f469-200d-2764-fe0f-200d-1f469.png",
"#D9965B":"couple-with-heart-woman-man_1f469-200d-2764-fe0f-200d-1f468.png",
"#D89B62":"couple-with-heart-man-man_1f468-200d-2764-fe0f-200d-1f468.png",
"#83A8CE":"couch-and-lamp_1f6cb.png",
"#4B4B4B":"copyright-sign_a9.png",
"#6E6858":"cooking_1f373.png",
"#B58349":"cookie_1f36a.png",
"#C8C6C3":"cooked-rice_1f35a.png",
"#8B9E97":"convenience-store_1f3ea.png",
"#8E9295":"control-knobs_1f39b.png",
"#98824C":"construction-worker_emoji-modifier-fitzpatrick-type-6_1f477-1f3ff_1f3ff.png",
"#AD8D4E":"construction-worker_emoji-modifier-fitzpatrick-type-5_1f477-1f3fe_1f3fe.png",
"#B9995A":"construction-worker_emoji-modifier-fitzpatrick-type-4_1f477-1f3fd_1f3fd.png",
"#CAA866":"construction-worker_emoji-modifier-fitzpatrick-type-3_1f477-1f3fc_1f3fc.png",
"#D1B373":"construction-worker_emoji-modifier-fitzpatrick-type-1-2_1f477-1f3fb_1f3fb.png",
"#D7B24A":"construction-worker_1f477.png",
"#98812F":"construction-sign_1f6a7.png",
"#F2BD39":"confused-face_1f615.png",
"#EDBA39":"confounded-face_1f616.png",
"#CB8A6D":"confetti-ball_1f38a.png",
"#68767F":"compression_1f5dc.png",
"#EF9055":"comet_2604.png",
"#F1794B":"collision-symbol_1f4a5.png",
"#885333":"coffin_26b0.png",
"#AC9B85":"coconut_1f965.png",
"#B9B7A3":"cocktail-glass_1f378.png",
"#C79C4F":"coat_1f9e5.png",
"#D2A18F":"clown-face_1f921.png",
"#E4E9ED":"cloud_2601.png",
"#A6AAB4":"cloud-with-tornado_1f32a.png",
"#DDE7EF":"cloud-with-snow_1f328.png",
"#D3E4ED":"cloud-with-rain_1f327.png",
"#EBECE8":"cloud-with-lightning_1f329.png",
"#664890":"closed-umbrella_1f302.png",
"#5C7F98":"closed-mailbox-with-raised-flag_1f4eb.png",
"#5F88A1":"closed-mailbox-with-lowered-flag_1f4ea.png",
"#BAA45B":"closed-lock-with-key_1f510.png",
"#AB3936":"closed-book_1f4d5.png",
"#91A8BD":"clockwise-rightwards-and-leftwards-open-circle-arrows_1f501.png",
"#92A9BE":"clockwise-rightwards-and-leftwards-open-circle-arrows-with-circled-one-overlay_1f502.png",
"#91A8BD":"clockwise-downwards-and-upwards-open-circle-arrows_1f503.png",
"#CCCDCE":"clock-face-two-thirty_1f55d.png",
"#CCCDCE":"clock-face-two-oclock_1f551.png",
"#CCCDCF":"clock-face-twelve-thirty_1f567.png",
"#CDCED0":"clock-face-twelve-oclock_1f55b.png",
"#CCCDCE":"clock-face-three-thirty_1f55e.png",
"#CBCDCE":"clock-face-three-oclock_1f552.png",
"#CCCDCE":"clock-face-ten-thirty_1f565.png",
"#CCCDCE":"clock-face-ten-oclock_1f559.png",
"#CDCED0":"clock-face-six-thirty_1f561.png",
"#CCCDCE":"clock-face-six-oclock_1f555.png",
"#CCCDCF":"clock-face-seven-thirty_1f562.png",
"#CCCDCE":"clock-face-seven-oclock_1f556.png",
"#CCCDCF":"clock-face-one-thirty_1f55c.png",
"#CCCDCF":"clock-face-one-oclock_1f550.png",
"#CCCDCE":"clock-face-nine-thirty_1f564.png",
"#CBCDCE":"clock-face-nine-oclock_1f558.png",
"#CCCDCF":"clock-face-four-thirty_1f55f.png",
"#CCCDCE":"clock-face-four-oclock_1f553.png",
"#CCCDCF":"clock-face-five-thirty_1f560.png",
"#CCCDCE":"clock-face-five-oclock_1f554.png",
"#CCCDCF":"clock-face-eleven-thirty_1f566.png",
"#CCCDCF":"clock-face-eleven-oclock_1f55a.png",
"#CCCDCF":"clock-face-eight-thirty_1f563.png",
"#CCCDCE":"clock-face-eight-oclock_1f557.png",
"#C4BBAF":"clipboard_1f4cb.png",
"#CEBC86":"clinking-glasses_1f942.png",
"#CDA877":"clinking-beer-mugs_1f37b.png",
"#9E977E":"classical-building_1f3db.png",
"#534138":"clapping-hands-sign_emoji-modifier-fitzpatrick-type-6_1f44f-1f3ff_1f3ff.png",
"#8C5B3B":"clapping-hands-sign_emoji-modifier-fitzpatrick-type-5_1f44f-1f3fe_1f3fe.png",
"#AE8061":"clapping-hands-sign_emoji-modifier-fitzpatrick-type-4_1f44f-1f3fd_1f3fd.png",
"#D3AD89":"clapping-hands-sign_emoji-modifier-fitzpatrick-type-3_1f44f-1f3fc_1f3fc.png",
"#E7C5A5":"clapping-hands-sign_emoji-modifier-fitzpatrick-type-1-2_1f44f-1f3fb_1f3fb.png",
"#E9B438":"clapping-hands-sign_1f44f.png",
"#5D5C5C":"clapper-board_1f3ac.png",
"#8AAAC8":"cityscape_1f3d9.png",
"#C18D68":"cityscape-at-dusk_1f306.png",
"#CB8075":"circus-tent_1f3aa.png",
"#4F91F0":"circled-latin-capital-letter-m_24c2.png",
"#F74843":"circled-ideograph-secret_3299.png",
"#F8443F":"circled-ideograph-congratulation_3297.png",
"#F64E4A":"circled-ideograph-advantage_1f250.png",
"#FBA83B":"circled-ideograph-accept_1f251.png",
"#9FB3C5":"cinema_1f3a6.png",
"#B4ABAE":"church_26ea.png",
"#5C834C":"christmas-tree_1f384.png",
"#9A4746":"chopsticks_1f962.png",
"#BD4B44":"chocolate-bar_1f36b.png",
"#8A5F2C":"chipmunk_1f43f.png",
"#BC9B15":"children-crossing_1f6b8.png",
"#453832":"child_emoji-modifier-fitzpatrick-type-6_1f9d2-1f3ff_1f3ff.png",
"#6C4C37":"child_emoji-modifier-fitzpatrick-type-5_1f9d2-1f3fe_1f3fe.png",
"#926849":"child_emoji-modifier-fitzpatrick-type-4_1f9d2-1f3fd_1f3fd.png",
"#CCAC7A":"child_emoji-modifier-fitzpatrick-type-3_1f9d2-1f3fc_1f3fc.png",
"#97806D":"child_emoji-modifier-fitzpatrick-type-1-2_1f9d2-1f3fb_1f3fb.png",
"#E1B139":"child_1f9d2.png",
"#D8A68C":"chicken_1f414.png",
"#863F23":"chestnut_1f330.png",
"#F8A1C6":"cherry-blossom_1f338.png",
"#B04D46":"cherries_1f352.png",
"#7C7C7C":"chequered-flag_1f3c1.png",
"#F2B320":"cheese-wedge_1f9c0.png",
"#A0832B":"cheering-megaphone_1f4e3.png",
"#CFC4CB":"chart-with-upwards-trend_1f4c8.png",
"#35C33A":"chart-with-upwards-trend-and-yen-sign_1f4b9.png",
"#BCCCDD":"chart-with-downwards-trend_1f4c9.png",
"#808589":"chains_26d3.png",
"#C4A891":"cat_1f408.png",
"#DBB235":"cat-face_1f431.png",
"#CAA23D":"cat-face-with-wry-smile_1f63c.png",
"#AFA362":"cat-face-with-tears-of-joy_1f639.png",
"#A77624":"carrot_1f955.png",
"#9F8469":"carp-streamer_1f38f.png",
"#AA9783":"carousel-horse_1f3a0.png",
"#97948E":"card-index_1f4c7.png",
"#DAB088":"card-index-dividers_1f5c2.png",
"#635D54":"card-file-box_1f5c3.png",
"#AF66C4":"capricorn_2651.png",
"#4B6929":"canoe_1f6f6.png",
"#C47C71":"canned-food_1f96b.png",
"#BCBAD4":"candy_1f36c.png",
"#CABAAC":"candle_1f56f.png",
"#AE63C2":"cancer_264b.png",
"#897130":"camping_1f3d5.png",
"#686868":"camera_1f4f7.png",
"#786C58":"camera-with-flash_1f4f8.png",
"#544036":"call-me-hand_emoji-modifier-fitzpatrick-type-6_1f919-1f3ff_1f3ff.png",
"#955F3A":"call-me-hand_emoji-modifier-fitzpatrick-type-5_1f919-1f3fe_1f3fe.png",
"#BA8864":"call-me-hand_emoji-modifier-fitzpatrick-type-4_1f919-1f3fd_1f3fd.png",
"#DEB790":"call-me-hand_emoji-modifier-fitzpatrick-type-3_1f919-1f3fc_1f3fc.png",
"#F4D2B1":"call-me-hand_emoji-modifier-fitzpatrick-type-1-2_1f919-1f3fb_1f3fb.png",
"#F4BE39":"call-me-hand_1f919.png",
"#BEA4A4":"calendar_1f4c5.png",
"#5A962E":"cactus_1f335.png",
"#2B8AB6":"butterfly_1f98b.png",
"#5F85A6":"busts-in-silhouette_1f465.png",
"#5C82A3":"bust-in-silhouette_1f464.png",
"#9A9971":"bus_1f68c.png",
"#A19DA8":"bus-stop_1f68f.png",
"#B0A493":"burrito_1f32f.png",
"#D19944":"building-construction_1f3d7.png",
"#848431":"bug_1f41b.png",
"#E13D32":"broken-heart_1f494.png",
"#527C33":"broccoli_1f966.png",
"#775C4C":"briefcase_1f4bc.png",
"#797373":"bridge-at-night_1f309.png",
"#716966":"bride-with-veil_emoji-modifier-fitzpatrick-type-6_1f470-1f3ff_1f3ff.png",
"#867266":"bride-with-veil_emoji-modifier-fitzpatrick-type-5_1f470-1f3fe_1f3fe.png",
"#9F8471":"bride-with-veil_emoji-modifier-fitzpatrick-type-4_1f470-1f3fd_1f3fd.png",
"#C2AA8A":"bride-with-veil_emoji-modifier-fitzpatrick-type-3_1f470-1f3fc_1f3fc.png",
"#9F9084":"bride-with-veil_emoji-modifier-fitzpatrick-type-1-2_1f470-1f3fb_1f3fb.png",
"#D6B465":"bride-with-veil_1f470.png",
"#4F4B50":"breast-feeding_emoji-modifier-fitzpatrick-type-6_1f931-1f3ff_1f3ff.png",
"#615351":"breast-feeding_emoji-modifier-fitzpatrick-type-5_1f931-1f3fe_1f3fe.png",
"#7C6660":"breast-feeding_emoji-modifier-fitzpatrick-type-4_1f931-1f3fd_1f3fd.png",
"#A18F79":"breast-feeding_emoji-modifier-fitzpatrick-type-3_1f931-1f3fc_1f3fc.png",
"#786C6A":"breast-feeding_emoji-modifier-fitzpatrick-type-1-2_1f931-1f3fb_1f3fb.png",
"#A48955":"breast-feeding_1f931.png",
"#D2AB70":"bread_1f35e.png",
"#D7839C":"brain_1f9e0.png",
"#453832":"boy_emoji-modifier-fitzpatrick-type-6_1f466-1f3ff_1f3ff.png",
"#6E4C36":"boy_emoji-modifier-fitzpatrick-type-5_1f466-1f3fe_1f3fe.png",
"#976A4B":"boy_emoji-modifier-fitzpatrick-type-4_1f466-1f3fd_1f3fd.png",
"#C9A976":"boy_emoji-modifier-fitzpatrick-type-3_1f466-1f3fc_1f3fc.png",
"#9E846F":"boy_emoji-modifier-fitzpatrick-type-1-2_1f466-1f3fb_1f3fb.png",
"#E6B538":"boy_1f466.png",
"#BC4243":"boxing-glove_1f94a.png",
"#928A87":"bowling_1f3b3.png",
"#7DA3D1":"bowl-with-spoon_1f963.png",
"#9C8980":"bow-and-arrow_1f3f9.png",
"#A4803A":"bouquet_1f490.png",
"#868455":"bottle-with-popping-cork_1f37e.png",
"#87876B":"books_1f4da.png",
"#E1CBC3":"bookmark_1f516.png",
"#CACCCE":"bookmark-tabs_1f4d1.png",
"#545551":"bomb_1f4a3.png",
"#695648":"boar_1f417.png",
"#2276F5":"blue-heart_1f499.png",
"#3876A5":"blue-book_1f4d8.png",
"#C8A15D":"blowfish_1f421.png",
"#E4BF39":"blossom_1f33c.png",
"#DEAF30":"blonde-woman_1f471-200d-2640-fe0f.png",
"#91805C":"blonde-woman-type-6_1f471-1f3ff-200d-2640-fe0f.png",
"#A68A5E":"blonde-woman-type-5_1f471-1f3fe-200d-2640-fe0f.png",
"#B3976B":"blonde-woman-type-4_1f471-1f3fd-200d-2640-fe0f.png",
"#C4A778":"blonde-woman-type-3_1f471-1f3fc-200d-2640-fe0f.png",
"#CCB284":"blonde-woman-type-1-2_1f471-1f3fb-200d-2640-fe0f.png",
"#E7B535":"blond-man_1f471-200d-2642-fe0f.png",
"#746348":"blond-man-type-6_1f471-1f3ff-200d-2642-fe0f.png",
"#96734B":"blond-man-type-5_1f471-1f3fe-200d-2642-fe0f.png",
"#AC8A61":"blond-man-type-4_1f471-1f3fd-200d-2642-fe0f.png",
"#C7A476":"blond-man-type-3_1f471-1f3fc-200d-2642-fe0f.png",
"#D6B78C":"blond-man-type-1-2_1f471-1f3fb-200d-2642-fe0f.png",
"#8FA7BD":"black-up-pointing-double-triangle_23eb.png",
"#15A11E":"black-universal-recycling-symbol_267b.png",
"#C94245":"black-telephone_260e.png",
"#F4BD34":"black-sun-with-rays_2600.png",
"#9AB0C3":"black-square-for-stop_23f9.png",
"#767675":"black-square-button_1f532.png",
"#2F2F2F":"black-spade-suit_2660.png",
"#262625":"black-small-square_25aa.png",
"#C8858E":"black-scissors_2702.png",
"#8FA7BC":"black-rightwards-arrow_27a1.png",
"#8DA5BB":"black-right-pointing-triangle_25b6.png",
"#94ABBF":"black-right-pointing-triangle-with-double-vertical-bar_23ef.png",
"#8FA7BD":"black-right-pointing-double-triangle_23e9.png",
"#91A9BE":"black-right-pointing-double-triangle-with-vertical-bar_23ed.png",
"#DA0505":"black-question-mark-ornament_2753.png",
"#6E7275":"black-nib_2712.png",
"#0B0B0B":"black-medium-square_25fc.png",
"#0D0D0D":"black-medium-small-square_25fe.png",
"#8DA5BB":"black-left-pointing-triangle_25c0.png",
"#8FA7BD":"black-left-pointing-double-triangle_23ea.png",
"#91A9BE":"black-left-pointing-double-triangle-with-vertical-bar_23ee.png",
"#1F1F1E":"black-large-square_2b1b.png",
"#363636":"black-heart_1f5a4.png",
"#C92828":"black-heart-suit_2665.png",
"#8FA6BC":"black-down-pointing-double-triangle_23ec.png",
"#DF2424":"black-diamond-suit_2666.png",
"#323232":"black-club-suit_2663.png",
"#93AABF":"black-circle-for-record_23fa.png",
"#D5C7BF":"birthday-cake_1f382.png",
"#89A0A2":"bird_1f426.png",
"#FAA635":"biohazard-sign_2623.png",
"#585858":"billiards_1f3b1.png",
"#3B80E9":"billed-cap_1f9e2.png",
"#D46A7F":"bikini_1f459.png",
"#4B5262":"bicyclist_emoji-modifier-fitzpatrick-type-6_1f6b4-1f3ff_1f3ff.png",
"#575863":"bicyclist_emoji-modifier-fitzpatrick-type-5_1f6b4-1f3fe_1f3fe.png",
"#5F606B":"bicyclist_emoji-modifier-fitzpatrick-type-4_1f6b4-1f3fd_1f3fd.png",
"#666872":"bicyclist_emoji-modifier-fitzpatrick-type-3_1f6b4-1f3fc_1f3fc.png",
"#6A6C77":"bicyclist_emoji-modifier-fitzpatrick-type-1-2_1f6b4-1f3fb_1f3fb.png",
"#5E5E57":"bicyclist_1f6b4.png",
"#364A61":"bicycle_1f6b2.png",
"#8B6446":"bento-box_1f371.png",
"#947630":"bellhop-bell_1f6ce.png",
"#A98A31":"bell_1f514.png",
"#B36525":"bell-with-cancellation-stroke_1f515.png",
"#C29969":"beer-mug_1f37a.png",
"#90807C":"bed_1f6cf.png",
"#E93FA3":"beating-heart_1f493.png",
"#403531":"bearded-person_emoji-modifier-fitzpatrick-type-6_1f9d4-1f3ff_1f3ff.png",
"#634533":"bearded-person_emoji-modifier-fitzpatrick-type-5_1f9d4-1f3fe_1f3fe.png",
"#896042":"bearded-person_emoji-modifier-fitzpatrick-type-4_1f9d4-1f3fd_1f3fd.png",
"#D2B681":"bearded-person_emoji-modifier-fitzpatrick-type-3_1f9d4-1f3fc_1f3fc.png",
"#816D5E":"bearded-person_emoji-modifier-fitzpatrick-type-1-2_1f9d4-1f3fb_1f3fb.png",
"#DCA82F":"bearded-person_1f9d4.png",
"#7F5835":"bear-face_1f43b.png",
"#D2BC85":"beach-with-umbrella_1f3d6.png",
"#6B9F50":"battery_1f50b.png",
"#C2C7C9":"bathtub_1f6c1.png",
"#BCC0B8":"bath_emoji-modifier-fitzpatrick-type-6_1f6c0-1f3ff_1f3ff.png",
"#BDC1B8":"bath_emoji-modifier-fitzpatrick-type-5_1f6c0-1f3fe_1f3fe.png",
"#BEC2B9":"bath_emoji-modifier-fitzpatrick-type-4_1f6c0-1f3fd_1f3fd.png",
"#BFC3BA":"bath_emoji-modifier-fitzpatrick-type-3_1f6c0-1f3fc_1f3fc.png",
"#C0C4BB":"bath_emoji-modifier-fitzpatrick-type-1-2_1f6c0-1f3fb_1f3fb.png",
"#C0C3B8":"bath_1f6c0.png",
"#614B3C":"bat_1f987.png",
"#C56B34":"basketball-and-hoop_1f3c0.png",
"#C6B7B2":"baseball_26be.png",
"#A482AD":"barber-pole_1f488.png",
"#8AA6A6":"bar-chart_1f4ca.png",
"#A0A08E":"banknote-with-yen-sign_1f4b4.png",
"#B19B9F":"banknote-with-pound-sign_1f4b7.png",
"#A5BFAB":"banknote-with-euro-sign_1f4b6.png",
"#BFB68A":"banknote-with-dollar-sign_1f4b5.png",
"#A3A78B":"bank_1f3e6.png",
"#E8CA76":"banana_1f34c.png",
"#818181":"ballot-box-with-check_2611.png",
"#7CAFB8":"ballot-box-with-ballot_1f5f3.png",
"#E1454C":"balloon_1f388.png",
"#DFA864":"baguette-bread_1f956.png",
"#4A95E5":"baggage-claim_1f6c4.png",
"#B4A173":"badminton-racquet-and-shuttlecock_1f3f8.png",
"#AE7951":"bactrian-camel_1f42b.png",
"#C96D48":"bacon_1f953.png",
"#4A4A4A":"back-with-leftwards-arrow-above_1f519.png",
"#49372F":"baby_emoji-modifier-fitzpatrick-type-6_1f476-1f3ff_1f3ff.png",
"#845536":"baby_emoji-modifier-fitzpatrick-type-5_1f476-1f3fe_1f3fe.png",
"#AA7B5B":"baby_emoji-modifier-fitzpatrick-type-4_1f476-1f3fd_1f3fd.png",
"#CFA57E":"baby_emoji-modifier-fitzpatrick-type-3_1f476-1f3fc_1f3fc.png",
"#DEBB9B":"baby_emoji-modifier-fitzpatrick-type-1-2_1f476-1f3fb_1f3fb.png",
"#E3AE26":"baby_1f476.png",
"#FBB13E":"baby-symbol_1f6bc.png",
"#E0B938":"baby-chick_1f424.png",
"#D4CEB0":"baby-bottle_1f37c.png",
"#6F5E4E":"baby-angel_emoji-modifier-fitzpatrick-type-6_1f47c-1f3ff_1f3ff.png",
"#987150":"baby-angel_emoji-modifier-fitzpatrick-type-5_1f47c-1f3fe_1f3fe.png",
"#B48E6D":"baby-angel_emoji-modifier-fitzpatrick-type-4_1f47c-1f3fd_1f3fd.png",
"#CFAE89":"baby-angel_emoji-modifier-fitzpatrick-type-3_1f47c-1f3fc_1f3fc.png",
"#DBC0A0":"baby-angel_emoji-modifier-fitzpatrick-type-1-2_1f47c-1f3fb_1f3fb.png",
"#DFB645":"baby-angel_1f47c.png",
"#B3A95D":"avocado_1f951.png",
"#AD4A48":"automobile_1f697.png",
"#3573B8":"automated-teller-machine_1f3e7.png",
"#7E5A73":"aubergine_1f346.png",
"#B06AC4":"atom-symbol_269b.png",
"#A6A4A1":"athletic-shoe_1f45f.png",
"#EBB637":"astonished-face_1f632.png",
"#BA9249":"artist-palette_1f3a8.png",
"#3F7942":"articulated-lorry_1f69b.png",
"#89A3BA":"arrow-pointing-rightwards-then-curving-upwards_2934.png",
"#89A2B9":"arrow-pointing-rightwards-then-curving-downwards_2935.png",
"#AC5FC1":"aries_2648.png",
"#AC60C1":"aquarius_2652.png",
"#93AABF":"anticlockwise-downwards-and-upwards-open-circle-arrows_1f504.png",
"#91A8BE":"antenna-with-bars_1f4f6.png",
"#4C3E3B":"ant_1f41c.png",
"#ECB736":"anguished-face_1f627.png",
"#EFBB39":"angry-face_1f620.png",
"#D60707":"anger-symbol_1f4a2.png",
"#76787C":"anchor_2693.png",
"#9F6641":"amphora_1f3fa.png",
"#BA7B5C":"american-football_1f3c8.png",
"#A39499":"ambulance_1f691.png",
"#504066":"alien-monster_1f47e.png",
"#A8C0C5":"alembic_2697.png",
"#CC999A":"alarm-clock_23f0.png",
"#72A7BF":"airplane_2708.png",
"#687F99":"airplane-departure_1f6eb.png",
"#67809C":"airplane-arriving_1f6ec.png",
"#857B43":"aerial-tramway_1f6a1.png",
"#463933":"adult_emoji-modifier-fitzpatrick-type-6_1f9d1-1f3ff_1f3ff.png",
"#6E4D37":"adult_emoji-modifier-fitzpatrick-type-5_1f9d1-1f3fe_1f3fe.png",
"#966B4B":"adult_emoji-modifier-fitzpatrick-type-4_1f9d1-1f3fd_1f3fd.png",
"#D1B27F":"adult_emoji-modifier-fitzpatrick-type-3_1f9d1-1f3fc_1f3fc.png",
"#97816F":"adult_emoji-modifier-fitzpatrick-type-1-2_1f9d1-1f3fb_1f3fb.png",
"#E3B23B":"adult_1f9d1.png",
"#E66B79":"admission-tickets_1f39f.png",
"#613C33":"face-massage_emoji-modifier-fitzpatrick-type-5_1f486-1f3fe_1f3fe.png",
"#855948":"face-massage_emoji-modifier-fitzpatrick-type-4_1f486-1f3fd_1f3fd.png",
"#90736A":"face-massage_emoji-modifier-fitzpatrick-type-1-2_1f486-1f3fb_1f3fb.png",
"#D19830":"face-massage_1f486.png",
"#CBC4BA":"eyes_1f440.png",
"#77837F":"eyeglasses_1f453.png",
"#917F72":"eye_1f441.png",
"#717477":"eye-in-speech-bubble_1f441-fe0f-200d-1f5e8-fe0f.png",
"#829193":"extraterrestrial-alien_1f47d.png",
"#F0BC39":"expressionless-face_1f611.png",
"#E03008":"exclamation-question-mark_2049.png",
"#396F3C":"evergreen-tree_1f332.png",
"#AD9C84":"european-post-office_1f3e4.png",
"#8D837B":"european-castle_1f3f0.png",
"#DBDBDB":"envelope_2709.png",
"#DDCECD":"envelope-with-downwards-arrow-above_1f4e9.png",
"#494949":"end-with-leftwards-arrow-above_1f51a.png",
"#82736A":"emoji-modifier-fitzpatrick-type-6_1f3ff.png",
"#B28A6D":"emoji-modifier-fitzpatrick-type-5_1f3fe.png",
"#CEAA8D":"emoji-modifier-fitzpatrick-type-4_1f3fd.png",
"#E6CAAE":"emoji-modifier-fitzpatrick-type-3_1f3fc.png",
"#FAE3CB":"emoji-modifier-fitzpatrick-type-1-2_1f3fb.png",
"#848766":"elf_emoji-modifier-fitzpatrick-type-6_1f9dd-1f3ff_1f3ff.png",
"#999067":"elf_emoji-modifier-fitzpatrick-type-5_1f9dd-1f3fe_1f3fe.png",
"#A59D75":"elf_emoji-modifier-fitzpatrick-type-4_1f9dd-1f3fd_1f3fd.png",
"#B4AC80":"elf_emoji-modifier-fitzpatrick-type-3_1f9dd-1f3fc_1f3fc.png",
"#BBB78E":"elf_emoji-modifier-fitzpatrick-type-1-2_1f9dd-1f3fb_1f3fb.png",
"#BDB262":"elf_1f9dd.png",
"#7C7E7B":"elephant_1f418.png",
"#797B7B":"electric-torch_1f526.png",
"#3B3932":"electric-plug_1f50c.png",
"#EEE3C0":"electric-light-bulb_1f4a1.png",
"#8CA5BB":"eject-symbol_23cf.png",
"#49C94E":"eight-spoked-asterisk_2733.png",
"#FBAF3A":"eight-pointed-black-star_2734.png",
"#DCD8D1":"egg_1f95a.png",
"#668492":"earth-globe-europe-africa_1f30d.png",
"#638197":"earth-globe-asia-australia_1f30f.png",
"#51769E":"earth-globe-americas_1f30e.png",
"#4C3830":"ear_emoji-modifier-fitzpatrick-type-6_1f442-1f3ff_1f3ff.png",
"#8A5533":"ear_emoji-modifier-fitzpatrick-type-5_1f442-1f3fe_1f3fe.png",
"#B07D5D":"ear_emoji-modifier-fitzpatrick-type-4_1f442-1f3fd_1f3fd.png",
"#D2A27C":"ear_emoji-modifier-fitzpatrick-type-3_1f442-1f3fc_1f3fc.png",
"#EFC8A6":"ear_emoji-modifier-fitzpatrick-type-1-2_1f442-1f3fb_1f3fb.png",
"#F1BD32":"ear_1f442.png",
"#B1A539":"ear-of-rice_1f33e.png",
"#94911E":"ear-of-maize_1f33d.png",
"#50453D":"eagle_1f985.png",
"#C7D0D8":"e-mail-symbol_1f4e7.png",
"#C8BA91":"dvd_1f4c0.png",
"#DDBA88":"dumpling_1f95f.png",
"#897E72":"duck_1f986.png",
"#BD8574":"drum-with-drumsticks_1f941.png",
"#55C3F4":"droplet_1f4a7.png",
"#E9B83B":"drooling-face_1f924.png",
"#A87747":"dromedary-camel_1f42a.png",
"#34C1B2":"dress_1f457.png",
"#859F48":"dragon_1f409.png",
"#969F29":"dragon-face_1f432.png",
"#8FA7BC":"downwards-black-arrow_2b07.png",
"#8DA5BB":"down-pointing-small-red-triangle_1f53d.png",
"#F13F2C":"down-pointing-red-triangle_1f53b.png",
"#BBBBB1":"dove-of-peace_1f54a.png",
"#946B4F":"doughnut_1f369.png",
"#8BA4BA":"double-vertical-bar_23f8.png",
"#E91803":"double-exclamation-mark_203c.png",
"#945A39":"door_1f6aa.png",
"#5AB6CC":"dolphin_1f42c.png",
"#AF804F":"dog_1f415.png",
"#C1A78A":"dog-face_1f436.png",
"#A75747":"do-not-litter-symbol_1f6af.png",
"#F6CB5A":"dizzy-symbol_1f4ab.png",
"#E4AF32":"dizzy-face_1f635.png",
"#F1BE3A":"disappointed-face_1f61e.png",
"#E2BC48":"disappointed-but-relieved-face_1f625.png",
"#B16B6B":"direct-hit_1f3af.png",
"#82BEE0":"diamond-shape-with-a-dot-inside_1f4a0.png",
"#525253":"desktop-computer_1f5a5.png",
"#BF7B33":"desert_1f3dc.png",
"#A7C584":"desert-island_1f3dd.png",
"#B19675":"derelict-house-building_1f3da.png",
"#80868D":"department-store_1f3ec.png",
"#B67133":"delivery-truck_1f69a.png",
"#98704E":"deer_1f98c.png",
"#5E8123":"deciduous-tree_1f333.png",
"#B5C8DC":"dash-symbol_1f4a8.png",
"#3A3C3A":"dark-sunglasses_1f576.png",
"#C0B384":"dango_1f361.png",
"#5E1318":"dancer_emoji-modifier-fitzpatrick-type-6_1f483-1f3ff_1f3ff.png",
"#6B1717":"dancer_emoji-modifier-fitzpatrick-type-5_1f483-1f3fe_1f3fe.png",
"#741F1E":"dancer_emoji-modifier-fitzpatrick-type-4_1f483-1f3fd_1f3fd.png",
"#8E382F":"dancer_emoji-modifier-fitzpatrick-type-3_1f483-1f3fc_1f3fc.png",
"#7D2B2A":"dancer_emoji-modifier-fitzpatrick-type-1-2_1f483-1f3fb_1f3fb.png",
"#953A15":"dancer_1f483.png",
"#888B91":"dagger-knife_1f5e1.png",
"#005EE2":"cyclone_1f300.png",
"#C8544A":"cut-of-meat_1f969.png",
"#3389E3":"customs_1f6c3.png",
"#D3AB86":"custard_1f36e.png",
"#C6A98E":"curry-and-rice_1f35b.png",
"#4B4B4B":"currency-exchange_1f4b1.png",
"#845656":"curling-stone_1f94c.png",
"#CA8988":"cup-with-straw_1f964.png",
"#80B24F":"cucumber_1f952.png",
"#A7659A":"crystal-ball_1f52e.png",
"#E2BB48":"crying-face_1f622.png",
"#C1A64E":"crying-cat-face_1f63f.png",
"#B89A30":"crown_1f451.png",
"#7E8086":"crossed-swords_2694.png",
"#CFB4B5":"crossed-flags_1f38c.png"}